<?xml version="1.0" encoding="UTF-8" standalone="no"?><configuration development_version="8" major_version="5" minor_version="2">
 <serviceDisable>false</serviceDisable>
 <fipsMode>false</fipsMode>
 <networkPolicy>
  <allowedAssociationModes>
   <openNoEncryption/>
   <wpa2PersonalAes/>
   <wpa2EnterpriseTkip/>
   <wpaPersonalTkip/>
   <openStaticWep/>
   <wpa2PersonalTkip/>
   <cckmEnterpriseTkip/>
   <cckmEnterpriseAes/>
   <open1xDynamicWep/>
   <wpaEnterpriseTkip/>
   <wpa2EnterpriseAes/>
   <sharedStaticWep/>
   <wpaEnterpriseAes/>
   <wpaPersonalAes/>
  </allowedAssociationModes>
  <allowedWiredSecurityModes>
   <openNoEncryption/>
   <dot1xOnly/>
   <dot1xMacSec>
    <macsecCipher>
     <aesGcm128/>
     <aesGcm256/>
    </macsecCipher>
   </dot1xMacSec>
  </allowedWiredSecurityModes>
  <allowedEapMethods>
   <leap/>
   <eapFast>
    <allowedTunneledMethods>
     <eapTls/>
     <eapMschapv2/>
     <eapGtc/>
    </allowedTunneledMethods>
   </eapFast>
   <eapPeap>
    <allowedTunneledMethods>
     <eapTls/>
     <eapMschapv2/>
     <eapGtc/>
    </allowedTunneledMethods>
   </eapPeap>
   <eapTls/>
   <eapTtls>
    <allowedTunneledMethods>
     <eapMschapv2/>
     <pap/>
    </allowedTunneledMethods>
   </eapTtls>
  </allowedEapMethods>
 </networkPolicy>
 <networks>
  <globalNetworks>
  </globalNetworks>
  <group>
   <groupName>Local networks</groupName>
   <allowUserToSeeScanlist>true</allowUserToSeeScanlist>
   <wiredNetwork>
    <displayName>CS_Wired_dot1x</displayName>
    <connectionTimeout>40</connectionTimeout>
    <authenticationNetwork>
     <machineUserAuthentication>
      <machine>
       <eapFast>
        <validateServerCertificate>
         <anyServerName/>
         <validateChainWithAnyCaFromOs/>
        </validateServerCertificate>
        <unprotectedIdentityPattern encryptContent="true"><EncryptedData xmlns="http://www.w3.org/2001/04/xmlenc#" Type="http://www.w3.org/2001/04/xmlenc#Content">
<CipherData>
<CipherValue>jON7NpTWZqz0lbidq3KpF/hjIaXXT1wWz77clufFP8E=</CipherValue>
</CipherData>
</EncryptedData></unprotectedIdentityPattern>
        <enableFastReconnect/>
        <usePac>
         <validateWithSpecificPacs/>
        </usePac>
        <authMethods>
         <builtinMethods>
          <authenticateWithCertificate>
           <protectedIdentityPattern encryptContent="true"><EncryptedData xmlns="http://www.w3.org/2001/04/xmlenc#" Type="http://www.w3.org/2001/04/xmlenc#Content">
<CipherData>
<CipherValue>RPwGKnOL+0U1oyCg0V6VCIoENLneE0ri8d3WbFwXyeiTmUXCCt85v7GlLXsibH+p</CipherValue>
</CipherData>
</EncryptedData></protectedIdentityPattern>
           <certificateSource>
            <certificateFromMachine/>
           </certificateSource>
           <sendViaInnerMethod>
            <eapTls/>
           </sendViaInnerMethod>
          </authenticateWithCertificate>
         </builtinMethods>
        </authMethods>
       </eapFast>
      </machine>
      <user>
       <authenticationMethod>
        <eapFast>
         <validateServerCertificate>
          <anyServerName/>
          <validateChainWithAnyCaFromOs/>
         </validateServerCertificate>
         <unprotectedIdentityPattern encryptContent="true"><EncryptedData xmlns="http://www.w3.org/2001/04/xmlenc#" Type="http://www.w3.org/2001/04/xmlenc#Content">
<CipherData>
<CipherValue>7eZFD7p/0v6gVVNw/i5vCtWRwYcuK63SKV52zYl+lG4=</CipherValue>
</CipherData>
</EncryptedData></unprotectedIdentityPattern>
         <enableFastReconnect>
          <alwaysAttempt/>
         </enableFastReconnect>
         <usePac>
          <validateWithSpecificPacs/>
         </usePac>
         <authMethods>
          <builtinMethods>
           <authenticateWithPassword>
            <protectedIdentityPattern encryptContent="true"><EncryptedData xmlns="http://www.w3.org/2001/04/xmlenc#" Type="http://www.w3.org/2001/04/xmlenc#Content">
<CipherData>
<CipherValue>nfPqw9s/AIdioLnE9zSTTosIisE9+AHyXcliv6Ptd8o=</CipherValue>
</CipherData>
</EncryptedData></protectedIdentityPattern>
            <passwordSource>
             <passwordFromLogon/>
            </passwordSource>
            <methods>
             <eapMschapv2/>
            </methods>
           </authenticateWithPassword>
          </builtinMethods>
         </authMethods>
        </eapFast>
       </authenticationMethod>
       <collectionBehavior/>
      </user>
     </machineUserAuthentication>
     <setting802.1x>
      <authPeriod>30</authPeriod>
      <heldPeriod>60</heldPeriod>
      <startPeriod>3</startPeriod>
      <maxStart>2</maxStart>
      <portExceptions>
       <unAuthenticatedAllowed>
        <immediate/>
       </unAuthenticatedAllowed>
      </portExceptions>
     </setting802.1x>
    </authenticationNetwork>
   </wiredNetwork>
   <wifiNetwork>
    <displayName>CS_Employee</displayName>
    <connectionTimeout>40</connectionTimeout>
    <ssid>
     <name>CS_Employee</name>
     <hidden>false</hidden>
    </ssid>
    <associationTimeout>20</associationTimeout>
    <corporate>false</corporate>
    <authenticationNetwork>
     <machineUserAuthentication>
      <machine>
       <eapFast>
        <validateServerCertificate>
         <anyServerName/>
         <validateChainWithAnyCaFromOs/>
        </validateServerCertificate>
        <unprotectedIdentityPattern encryptContent="true"><EncryptedData xmlns="http://www.w3.org/2001/04/xmlenc#" Type="http://www.w3.org/2001/04/xmlenc#Content">
<CipherData>
<CipherValue>Mipd8BsZfgPpstXtZ9gguU61nqRqAj8xRaTxTvWcCPM=</CipherValue>
</CipherData>
</EncryptedData></unprotectedIdentityPattern>
        <enableFastReconnect/>
        <usePac>
         <validateWithSpecificPacs/>
        </usePac>
        <authMethods>
         <builtinMethods>
          <authenticateWithCertificate>
           <protectedIdentityPattern encryptContent="true"><EncryptedData xmlns="http://www.w3.org/2001/04/xmlenc#" Type="http://www.w3.org/2001/04/xmlenc#Content">
<CipherData>
<CipherValue>E85esvS1cS67IVVtUj9O3uWZzZcF+Etoz2yTKKQ19+J19stK7bjCcr3DCa5WxZHV</CipherValue>
</CipherData>
</EncryptedData></protectedIdentityPattern>
           <certificateSource>
            <certificateFromMachine/>
           </certificateSource>
           <sendViaInnerMethod>
            <eapTls/>
           </sendViaInnerMethod>
          </authenticateWithCertificate>
         </builtinMethods>
        </authMethods>
       </eapFast>
      </machine>
      <user>
       <authenticationMethod>
        <eapFast>
         <validateServerCertificate>
          <anyServerName/>
          <validateChainWithAnyCaFromOs/>
         </validateServerCertificate>
         <unprotectedIdentityPattern encryptContent="true"><EncryptedData xmlns="http://www.w3.org/2001/04/xmlenc#" Type="http://www.w3.org/2001/04/xmlenc#Content">
<CipherData>
<CipherValue>0ErKoZXKAyNeQ+auVkggGEwG3HighMP7zAaOZFh9HWY=</CipherValue>
</CipherData>
</EncryptedData></unprotectedIdentityPattern>
         <enableFastReconnect>
          <alwaysAttempt/>
         </enableFastReconnect>
         <usePac>
          <validateWithSpecificPacs/>
         </usePac>
         <authMethods>
          <builtinMethods>
           <authenticateWithPassword>
            <protectedIdentityPattern encryptContent="true"><EncryptedData xmlns="http://www.w3.org/2001/04/xmlenc#" Type="http://www.w3.org/2001/04/xmlenc#Content">
<CipherData>
<CipherValue>RZ+hXWln/Du6PSrL5W2zDM+s7u52CEj/AZSubtmVdH4=</CipherValue>
</CipherData>
</EncryptedData></protectedIdentityPattern>
            <passwordSource>
             <passwordFromLogon/>
            </passwordSource>
            <methods>
             <eapMschapv2/>
            </methods>
           </authenticateWithPassword>
          </builtinMethods>
         </authMethods>
        </eapFast>
       </authenticationMethod>
       <collectionBehavior/>
      </user>
     </machineUserAuthentication>
     <setting802.1x>
      <authPeriod>30</authPeriod>
      <heldPeriod>60</heldPeriod>
      <startPeriod>30</startPeriod>
      <maxStart>3</maxStart>
     </setting802.1x>
     <associationMode>
      <wpa2>
       <encryption>AES</encryption>
      </wpa2>
     </associationMode>
    </authenticationNetwork>
   </wifiNetwork>
   <allowUserToCreateNetworks>true</allowUserToCreateNetworks>
  </group>
 </networks>
 <connectionSettings>
  <connectionBehaviorAtLogon>
   <attemptConnectionBeforeUserLogon>
    <secondsToWaitForConnection>60</secondsToWaitForConnection>
   </attemptConnectionBeforeUserLogon>
  </connectionBehaviorAtLogon>
  <validateWpaHandshake>true</validateWpaHandshake>
  <defaultConnectionTimeout>40</defaultConnectionTimeout>
  <defaultAssociationTimeout>15</defaultAssociationTimeout>
 </connectionSettings>
 <userControlPolicy>
  <allowedMedia>
   <wired/>
   <wifi/>
   <wwan/>
  </allowedMedia>
  <allowRunScriptAfterConnect>false</allowRunScriptAfterConnect>
  <allowUserToCreateGroups>true</allowUserToCreateGroups>
  <enforceManualConnection>false</enforceManualConnection>
  <allowUserToDisableClient>true</allowUserToDisableClient>
  <allowUserDefinedMachConn>true</allowUserDefinedMachConn>
  <allowMobileBroadbandRoaming>false</allowMobileBroadbandRoaming>
 </userControlPolicy>
<Signature xmlns="http://www.w3.org/2000/09/xmldsig#"><SignedInfo><CanonicalizationMethod Algorithm="http://www.w3.org/TR/2001/REC-xml-c14n-20010315#WithComments"/><SignatureMethod Algorithm="http://www.w3.org/2000/09/xmldsig#rsa-sha1"/><Reference URI=""><Transforms><Transform Algorithm="http://www.w3.org/2000/09/xmldsig#enveloped-signature"/></Transforms><DigestMethod Algorithm="http://www.w3.org/2000/09/xmldsig#sha1"/><DigestValue>CgcW9oy9pQz0nPISSnpv7TYnCZA=</DigestValue></Reference></SignedInfo><SignatureValue>Pn/G83jS4JaKrxFrlIHlmtrZKlEltgZrpwA9q27j0Yd31Hetxkds9H2zhW55kKAVNVFDAVUIDt0o
Mui3jvaMd53lkesPE4uXNolDtkOMnD5Fcx76T+KzR/31+Su82OIXiab1PniWdxZqAeODkq5X7dk+
h1d5Lv/lRDXUq5P8wIo=</SignatureValue></Signature></configuration>