<?xml version="1.0"?>
<!DOCTYPE log4j:configuration SYSTEM "log4j.dtd">
<!--
 Copyright (C) 2022 Hewlett Packard Enterprise Development LP
-->

<!--
 See sample config file at:
 http://www.johnmunsch.com/projects/Presentations/docs/Log4J/log.xml
 -->

<!-- Set debug="true" in the log4j:configuration tag below to debug config parsing -->
<log4j:configuration debug="false" xmlns:log4j="http://jakarta.apache.org/log4j/">
  
  <!-- Define Size Based Rolling Policy appenders for ClearPass OnGuard Agent Plugin logging -->
  <appender name="WIN_ONGUARD_PLUGIN_LOG_SIZE" class="org.apache.log4j.rolling.RollingFileAppender" encoding="UTF-8">
    <param name="encoding" value="UTF-8" />
    <rollingPolicy class="org.apache.log4j.rolling.FixedWindowRollingPolicy">
      <param name="MaxIndex" value="12"/>
      <param name="MinIndex" value="0"/>
      <param name="FileNamePattern" value="${AppData}\Aruba Networks\ClearPassOnGuard\ClearPassOnGuard_%i.log"/>
    </rollingPolicy>
    <triggeringPolicy class="org.apache.log4j.rolling.SizeBasedTriggeringPolicy">
      <param name="MaxFileSize" value="4194304"/>
    </triggeringPolicy>
    <layout class="org.apache.log4j.PatternLayout">
      <param name="ConversionPattern" value="%d [%x] %-5p %c{2} - %m%n"/>
    </layout>
  </appender>

  <!-- Root logger -->
  <root>
    <level value="DEBUG"/>
    <appender-ref ref="WIN_ONGUARD_PLUGIN_LOG_SIZE"/>
  </root>

  <!-- ClearPass OnGuard Agent Plugin logger -->
  <logger name="OnGuardPlugin" additivity="false">
    <level value="DEBUG"/>
    <appender-ref ref="WIN_ONGUARD_PLUGIN_LOG_SIZE"/>
  </logger>
  
  <logger name="Common">
    <level value="DEBUG"/>
  </logger>
  
</log4j:configuration>
